http://aaobabiyachour.moha.gov.np/,
http://aaobanganga.moha.gov.np/,
http://aaobansgadhi.moha.gov.np/,
http://aaobarhathwa.moha.gov.np/,
http://aaobinayak.moha.gov.np/,
http://aaobodebarsayan.moha.gov.np/,
http://aaobutwal.moha.gov.np/,
http://aaochainpur.moha.gov.np/,
http://aaochandranigahapur.moha.gov.np/,
http://aaochandrauta.moha.gov.np/,
http://aaodamak.moha.gov.np/,
http://aaodharan.moha.gov.np/,
http://aaodingla.moha.gov.np/,
http://aaodullu.moha.gov.np/,
http://aaogaruda.moha.gov.np/,
http://aaogauriganj.moha.gov.np/,
http://aaogaushala.moha.gov.np/,
http://aaoghartichhap.moha.gov.np/,
http://aaoghartigaun.moha.gov.np/,
http://aaoharinagara.moha.gov.np/,
http://aaohariwan.moha.gov.np/,
http://aaohuwas.moha.gov.np/,
http://aaoilanarku.moha.gov.np/,
http://aaojaspur.moha.gov.np/,
http://aaojogduda.moha.gov.np/,
http://aaokanchanpur.moha.gov.np/,
http://aaokatari.moha.gov.np/,
http://aaokawasoti.moha.gov.np/,
http://aaokhinjiphalate.moha.gov.np/,
http://aaokhotangbazar.moha.gov.np/,
http://aaokohalpur.moha.gov.np/,
http://aaokolbi.moha.gov.np/,
http://aaolahan.moha.gov.np/,
http://aaolamahi.moha.gov.np/,
http://aaolapchanepriti.moha.gov.np/,
http://aaolekhnaath.moha.gov.np/,
http://aaolomanthan.moha.gov.np/,
http://aaomadikalyanpur.moha.gov.np/,
http://aaomajgawa.moha.gov.np/,
http://aaomangalbare.moha.gov.np/,
http://aaonarainapur.moha.gov.np/,
http://aaonarakot.moha.gov.np/,
http://aaopachedike.moha.gov.np/,
http://aaopharping.moha.gov.np/,
http://aaorabi.moha.gov.np/,
http://aaorajapur.moha.gov.np/,
http://aaorajarani.moha.gov.np/,
http://aaoramgopalpur.moha.gov.np/,
http://aaorampur.moha.gov.np/,
http://aaorangeli.moha.gov.np/,
http://aaorukumkot.moha.gov.np/,
http://aaosankrantibazar.moha.gov.np/,
http://aaosanku.moha.gov.np/,
http://aaosarkeghat.moha.gov.np/,
http://aaosatbise.moha.gov.np/,
http://aaosemari.moha.gov.np/,
http://aaosimara.moha.gov.np/,
http://aaosimraoungadh.moha.gov.np/,
http://aaosingatibazar.moha.gov.np/,
http://aaosorukot.moha.gov.np/,
http://aaosotangbazar.moha.gov.np/,
http://aaosukhad.moha.gov.np/,
http://aaosupouli.moha.gov.np/,
http://aaotharmare.moha.gov.np/,
http://aaotikapur.moha.gov.np/,
http://aaotribhuwanbasti.moha.gov.np/,
http://aaotulsipur.moha.gov.np/,
http://aaourlabari.moha.gov.np/,
http://aaowaling.moha.gov.np/,
http://aaoyadukuwa.moha.gov.np/,
http://aaoyenselukharka.moha.gov.np/,
http://daoachham.moha.gov.np/,
http://daoarghakhanchi.moha.gov.np/,
http://daobaglung.moha.gov.np/,
http://daobaitadi.moha.gov.np/,
http://daobajhang.moha.gov.np/,
http://daobajura.moha.gov.np/,
http://daobanke.moha.gov.np/,
http://daobara.moha.gov.np/,
http://daobardiya.moha.gov.np/,
http://daobhaktapur.moha.gov.np/,
http://daobhojpur.moha.gov.np/,
http://daochitwan.moha.gov.np/,
http://daodadeldhura.moha.gov.np/,
http://daodailekh.moha.gov.np/,
http://daodang.moha.gov.np/,
http://daodarchula.moha.gov.np/,
http://daodhading.moha.gov.np/,
http://daodhankuta.moha.gov.np/,
http://daodhanusha.moha.gov.np/,
http://daodolakha.moha.gov.np/,
http://daodolpa.moha.gov.np/,
http://daodoti.moha.gov.np/,
http://daogorkha.moha.gov.np/,
http://daogulmi.moha.gov.np/,
http://daohumla.moha.gov.np/,
http://daoilam.moha.gov.np/,
http://daojajarkot.moha.gov.np/,
http://daojhapa.moha.gov.np/,
http://daojumla.moha.gov.np/,
http://daokailali.moha.gov.np/,
http://daokalikot.moha.gov.np/,
http://daokanchanpur.moha.gov.np/,
http://daokapilvastu.moha.gov.np/,
http://daokaski.moha.gov.np/,
http://daokathmandu.moha.gov.np/,
http://daokavre.moha.gov.np/,
http://daokhotang.moha.gov.np/,
http://daolalitpur.moha.gov.np/,
http://daolamjung.moha.gov.np/,
http://daomahotari.moha.gov.np/,
http://daomakawanpur.moha.gov.np/,
http://daomanang.moha.gov.np/,
http://daomorang.moha.gov.np/,
http://daomugu.moha.gov.np/,
http://daomustang.moha.gov.np/,
http://daomyagdi.moha.gov.np/,
http://daonawalparasi.moha.gov.np/,
http://daonuwakot.moha.gov.np/,
http://daookhaldhunga.moha.gov.np/,
http://daopalpa.moha.gov.np/,
http://daopanchthar.moha.gov.np/,
http://daoparbat.moha.gov.np/,
http://daoparsa.moha.gov.np/,
http://daopyuthan.moha.gov.np/,
http://daoramechhap.moha.gov.np/,
http://daorasuwa.moha.gov.np/,
http://daorautahat.moha.gov.np/,
http://daorolpa.moha.gov.np/,
http://daorukum.moha.gov.np/,
http://daorupandehi.moha.gov.np/,
http://daosalyan.moha.gov.np/,
http://daosankhuwasabha.moha.gov.np/,
http://daosaptari.moha.gov.np/,
http://daosarlahi.moha.gov.np/,
http://daosindhuli.moha.gov.np/,
http://daosindhulpalchok.moha.gov.np/,
http://daosiraha.moha.gov.np/,
http://daosolu.moha.gov.np/,
http://daosunsari.moha.gov.np/,
http://daosurkhet.moha.gov.np/,
http://daosyangja.moha.gov.np/,
http://daotanahu.moha.gov.np/,
http://daotaplejung.moha.gov.np/,
http://daoterathum.moha.gov.np/,
http://daoudayapur.moha.gov.np/,
http://erao.moha.gov.np/,
http://fwrao.moha.gov.np/,
http://iscbardibas.moha.gov.np/,
http://iscburtibang.moha.gov.np/,
http://iscburtiwang.moha.gov.np/,
http://iscgotikhel.moha.gov.np/,
http://iscsirdibas.moha.gov.np/,
http://mrao.moha.gov.np/,
http://mwrao.moha.gov.np/,
http://simaTaplejung.moha.gov.np/,
http://simaillam.moha.gov.np/,
http://simapachthar.moha.gov.np/,
http://wrao.moha.gov.np/,
